03:54:09.622,-71.32
03:54:12.965,-71.15
03:54:16.304,-71.18
03:54:19.646,-71.18
03:54:22.984,-71.18
03:54:26.329,-71.11
03:54:29.680,-71.15
03:54:33.028,-71.21
03:54:36.371,-71.2
03:54:39.725,-71.16
03:54:43.073,-71.19
03:54:46.418,-71.29
03:54:49.769,-71.2
03:54:53.113,-71.16
03:54:56.462,-71.11
03:54:59.820,-71.16
03:55:03.168,-71.16
03:55:06.520,-70.98
03:55:09.866,-71.17
03:55:13.220,-71.28
03:55:16.569,-71.12
03:55:19.932,-71.18
03:55:23.260,-71.12
03:55:26.603,-71.13
03:55:29.955,-71.2
03:55:33.298,-71.09
03:55:36.643,-71.05
03:55:39.994,-71.08
03:55:43.337,-71.14
03:55:46.680,-71.15
03:55:50.035,-71.15
03:55:53.383,-71.09
03:55:56.727,-71.21
03:56:00.079,-71.1
03:56:03.423,-71.11
03:56:06.771,-71.12
03:56:10.118,-71.12
03:56:13.461,-71.16
03:56:16.809,-71.13
03:56:20.156,-71.1
03:56:23.514,-71.13
03:56:26.851,-71.15
03:56:30.194,-71.17
03:56:33.543,-71.13
03:56:36.887,-71.1
03:56:40.231,-71.12
03:56:43.574,-71.12
03:56:46.922,-71.09
03:56:50.269,-71.15
03:56:53.617,-71.21
03:56:56.951,-71.09
03:57:00.316,-71.1
03:57:03.664,-71.09
03:57:07.010,-71.09
03:57:10.346,-71.01
03:57:13.691,-70.96
03:57:17.034,-71.01
03:57:20.377,-71.12
03:57:23.720,-71.18
03:57:27.069,-71.1
03:57:30.415,-71.08
03:57:33.762,-71.24
03:57:37.113,-71.12
03:57:40.456,-71.09
03:57:43.805,-71.04
03:57:47.148,-71.21
03:57:50.492,-70.99
03:57:53.835,-71.03
03:57:57.179,-71.04
03:58:00.513,-71.16
03:58:03.864,-71.09
03:58:07.207,-71.07
03:58:10.550,-71.13
03:58:13.897,-71.14
03:58:17.245,-71.03
03:58:20.585,-71.13
03:58:23.931,-71.1
03:58:27.288,-71.01
03:58:30.632,-71.08
03:58:33.977,-71.05
03:58:37.325,-71.08
03:58:40.668,-71.01
03:58:44.011,-71.13
03:58:47.361,-71.17
03:58:50.707,-71.09
03:58:54.050,-71.03
03:58:57.404,-71.1
03:59:00.736,-71.09
03:59:04.087,-70.96
03:59:07.439,-71.03
03:59:10.784,-71.03
03:59:14.127,-71.1
03:59:17.470,-71.08
03:59:20.817,-71.01
03:59:24.160,-70.97
03:59:27.507,-70.99
03:59:30.850,-70.94
03:59:34.193,-70.97
03:59:37.553,-71.01
03:59:40.900,-70.89
03:59:44.250,-70.92
03:59:47.593,-70.83
03:59:50.939,-70.88
03:59:54.282,-70.92
03:59:57.631,-70.83
04:00:00.974,-70.91
04:00:04.332,-70.83
04:00:07.683,-70.83
04:00:11.026,-70.8
04:00:14.369,-70.82
04:00:17.712,-70.84
04:00:21.061,-70.74
04:00:24.404,-70.86
04:00:27.747,-70.72
04:00:31.105,-70.8
04:00:34.450,-70.74
04:00:37.799,-70.68
04:00:41.142,-70.75
04:00:44.493,-70.74
04:00:47.839,-70.78
04:00:51.187,-70.81
04:00:54.535,-70.73
04:00:57.878,-70.82
04:01:01.225,-70.74
04:01:04.569,-70.71
04:01:07.927,-70.71
04:01:11.271,-70.56
04:01:14.615,-70.67
04:01:17.957,-70.74
04:01:21.300,-70.76
04:01:24.643,-70.75
04:01:27.986,-70.87
04:01:31.325,-70.82
04:01:34.672,-70.71
04:01:38.019,-70.79
04:01:41.362,-70.73
04:01:44.705,-70.82
04:01:48.048,-70.83
04:01:51.403,-70.86
04:01:54.751,-70.74
04:01:58.098,-70.76
04:02:01.441,-70.78
04:02:04.784,-70.88
04:02:08.124,-70.86
04:02:11.467,-70.85
04:02:14.814,-70.93
04:02:18.157,-70.85
04:02:21.500,-70.94
04:02:24.844,-70.96
04:02:28.197,-70.8
04:02:31.541,-70.94
04:02:34.883,-70.96
04:02:38.228,-70.94
04:02:41.572,-70.93
04:02:44.920,-71.04
04:02:48.269,-71
04:02:51.613,-70.91
04:02:54.971,-71.07
04:02:58.316,-71.09
04:03:01.659,-71.04
04:03:05.003,-71.08
04:03:08.346,-71.2
04:03:11.688,-71.07
04:03:15.038,-71.02
04:03:18.385,-71.13
04:03:21.732,-71.15
04:03:25.079,-71.07
04:03:28.422,-70.96
04:03:31.769,-71.05
04:03:35.116,-71.08
04:03:38.461,-71.11
04:03:41.809,-70.94
04:03:45.152,-70.96
04:03:48.495,-71.12
04:03:51.844,-71.08
04:03:55.203,-71.05
04:03:58.551,-71.14
04:04:01.894,-71.06
04:04:05.242,-71.1
04:04:08.588,-71.1
04:04:11.931,-71.08
04:04:15.281,-71.12
04:04:18.628,-70.97
04:04:21.971,-71.04
04:04:25.314,-71.09
04:04:28.658,-71.1
04:04:32.001,-71.03
04:04:35.344,-71.06
04:04:38.688,-71.11
04:04:42.035,-70.99
04:04:45.384,-71.16
04:04:48.727,-71.1
04:04:52.085,-71.06
04:04:55.428,-71.02
04:04:58.783,-70.88
04:05:02.129,-70.98
04:05:05.473,-71.13
04:05:08.816,-71.05
04:05:12.159,-71.03
04:05:15.506,-71.2
04:05:18.853,-71.07
04:05:22.196,-71.15
04:05:25.539,-71.14
04:05:28.890,-71.11
04:05:32.239,-71.04
04:05:35.584,-71.19
04:05:38.927,-71.18
04:05:42.271,-71.09
04:05:45.624,-71.19
04:05:48.966,-71.14
04:05:52.310,-71.12
04:05:55.653,-71.08
04:05:58.997,-71.47
04:06:02.343,-71.09
04:06:05.690,-71.05
04:06:09.034,-71.18
04:06:12.377,-71.21
04:06:15.722,-71.19
04:06:19.071,-71.24
04:06:22.415,-71.08
04:06:25.762,-71.16
04:06:29.089,-71.1
04:06:32.432,-71.17
04:06:35.775,-71.18
04:06:39.120,-71.18
04:06:42.470,-71.16
04:06:45.828,-71.18
04:06:49.171,-71.2
04:06:52.520,-71.16
04:06:55.865,-71.13
04:06:59.212,-71.11
04:07:02.554,-71.1
04:07:05.910,-71.17
04:07:09.247,-71.23
04:07:12.601,-71.17
04:07:15.942,-71.15
04:07:19.285,-71.24
04:07:22.630,-71.19
04:07:25.978,-71.21
04:07:29.318,-71.15
04:07:32.661,-71.16
04:07:36.008,-71.2
04:07:39.351,-71.2
04:07:42.695,-71.08
04:07:46.039,-71.16
04:07:49.384,-71.13
04:07:52.724,-71.19
04:07:56.069,-71.16
04:07:59.417,-71.13
04:08:02.760,-71.2
04:08:06.103,-71.08
04:08:09.456,-71.28
04:08:12.803,-71.2
04:08:16.146,-71.17
04:08:19.490,-71.14
04:08:22.835,-71.12
04:08:26.178,-71.17
04:08:29.521,-71.13
04:08:32.861,-70.98
04:08:36.204,-71.09
04:08:39.558,-71.08
04:08:42.894,-71.07
04:08:46.240,-71.1
04:08:49.584,-71.09
04:08:52.927,-71.02
04:08:56.270,-71.16
04:08:59.613,-71.07
04:09:02.956,-71.03
04:09:06.299,-71.17
04:09:09.642,-71.17
04:09:12.985,-71.15
04:09:16.328,-71.07
04:09:19.671,-70.99
04:09:23.018,-71.12
04:09:26.362,-71.03
04:09:29.709,-71.08
04:09:33.057,-71.05
04:09:36.402,-71.13
04:09:39.745,-71.07
04:09:43.093,-71.2
04:09:46.436,-71.08
04:09:49.779,-71.17
04:09:53.122,-71.12
04:09:56.465,-71.09
04:09:59.808,-71.01
04:10:03.155,-70.99
04:10:06.498,-71.16
04:10:09.838,-71.14
04:10:13.182,-71.15
04:10:16.541,-71.03
04:10:19.888,-71.1
04:10:23.234,-71.11
04:10:26.577,-71.12
04:10:29.925,-71.06
04:10:33.274,-71.02
04:10:36.631,-71.06
04:10:39.974,-71.1
04:10:43.321,-71.1
04:10:46.664,-71.03
04:10:49.999,-71.03
04:10:53.346,-70.99
04:10:56.693,-71.03
04:11:00.041,-71.09
04:11:03.384,-71.02
04:11:06.727,-71.13
04:11:10.070,-71.07
04:11:13.413,-71.06
04:11:16.757,-71.08
04:11:20.103,-71.05
04:11:23.449,-71.04
04:11:26.792,-71.08
04:11:30.135,-71.04
04:11:33.478,-71.15
04:11:36.821,-71.07
04:11:40.164,-71.02
04:11:43.521,-71
04:11:46.865,-71.08
04:11:50.212,-71.29
04:11:53.557,-70.97
04:11:56.908,-71.02
04:12:00.241,-71.01
04:12:03.588,-71.04
04:12:06.935,-71.06
04:12:10.280,-71.04
04:12:13.627,-71.02
04:12:16.974,-71.09
04:12:20.318,-70.92
04:12:23.671,-71.06
04:12:27.015,-71.1
04:12:30.359,-71.06
04:12:33.701,-70.98
04:12:37.045,-71
04:12:40.388,-70.92
04:12:43.735,-71.03
04:12:47.071,-71.07
04:12:50.423,-70.97
04:12:53.767,-70.95
04:12:57.122,-70.96
04:13:00.474,-71
04:13:03.818,-70.99
04:13:07.165,-71
04:13:10.512,-71.1
04:13:13.857,-71.06
04:13:17.200,-71.14
04:13:20.550,-70.94
04:13:23.893,-71.02
04:13:27.240,-71.05
04:13:30.584,-71.17
04:13:33.925,-71.23
04:13:37.268,-70.93
04:13:40.611,-71.1
04:13:43.954,-70.96
04:13:47.297,-71
04:13:50.641,-71.05
04:13:53.985,-70.97
04:13:57.328,-71.07
04:14:00.671,-70.9
04:14:04.014,-70.92
04:14:07.357,-71.02
04:14:10.700,-70.98
04:14:14.047,-70.88
04:14:17.386,-70.99
04:14:20.733,-70.87
04:14:24.091,-71.03
04:14:27.419,-70.87
04:14:30.764,-70.91
04:14:34.107,-70.94
04:14:37.450,-70.95
04:14:40.797,-70.83
04:14:44.147,-70.81
04:14:47.490,-70.89
04:14:50.834,-70.83
04:14:54.184,-70.87
04:14:57.528,-70.82
04:15:00.882,-70.87
04:15:04.225,-70.76
04:15:07.568,-70.77
04:15:10.910,-70.82
04:15:14.253,-70.78
04:15:17.600,-70.77
04:15:20.945,-70.67
04:15:24.287,-70.74
04:15:27.630,-70.7
04:15:30.970,-70.63
04:15:34.313,-70.82
04:15:37.660,-70.69
04:15:41.014,-70.77
04:15:44.364,-70.62
04:15:47.714,-70.7
04:15:51.062,-70.59
04:15:54.408,-70.74
04:15:57.753,-70.84
04:16:01.097,-70.65
04:16:04.439,-70.62
04:16:07.792,-70.72
04:16:11.145,-70.61
04:16:14.505,-70.7
04:16:17.848,-70.7
04:16:21.203,-70.87
04:16:24.553,-70.79
04:16:27.893,-70.76
04:16:31.241,-70.74
04:16:34.584,-70.77
04:16:37.934,-70.67
04:16:41.287,-70.92
04:16:44.630,-70.78
04:16:47.973,-70.72
04:16:51.318,-70.79
04:16:54.663,-70.85
04:16:57.995,-70.87
04:17:01.340,-70.89
04:17:04.683,-70.93
04:17:08.026,-70.8
04:17:11.371,-70.98
04:17:14.718,-70.85
04:17:18.067,-70.99
04:17:21.413,-70.99
04:17:24.762,-71.01
04:17:28.105,-71.08
04:17:31.454,-70.99
04:17:34.801,-70.95
04:17:38.144,-70.94
04:17:41.487,-70.97
04:17:44.830,-70.92
04:17:48.177,-70.92
04:17:51.520,-71.03
04:17:54.863,-71.04
04:17:58.208,-70.99
04:18:01.551,-71.07
04:18:04.898,-71.01
04:18:08.241,-71.02
04:18:11.587,-70.9
04:18:14.938,-71.02
04:18:18.287,-71.03
04:18:21.630,-71.06
04:18:24.977,-71.1
04:18:28.321,-70.97
04:18:31.668,-70.94
04:18:35.010,-71.13
04:18:38.357,-71.06
04:18:41.707,-71.06
04:18:45.051,-71.02
04:18:48.394,-71.07
04:18:51.737,-71.04
04:18:55.085,-71.03
04:18:58.429,-71.03
04:19:01.776,-71.07
04:19:05.124,-71.07
04:19:08.470,-70.99
04:19:11.818,-70.86
04:19:15.161,-71
04:19:18.504,-71.03
04:19:21.847,-71.11
04:19:25.190,-71.03
04:19:28.533,-71
04:19:31.883,-71.12
04:19:35.229,-71.08
04:19:38.573,-71
04:19:41.916,-70.95
04:19:45.261,-71.07
04:19:48.611,-71.17
04:19:51.959,-70.98
04:19:55.314,-70.89
04:19:58.670,-71.1
04:20:02.020,-71.05
04:20:05.375,-71.03
04:20:08.723,-71.13
04:20:12.066,-70.95
04:20:15.413,-71.05
04:20:18.756,-71.09
04:20:22.101,-71.06
04:20:25.439,-71.16
04:20:28.782,-71.13
04:20:32.125,-70.99
04:20:35.468,-71.04
04:20:38.811,-71.04
04:20:42.154,-71.03
04:20:45.497,-71.17
04:20:48.850,-71.06
04:20:52.198,-71
04:20:55.545,-71.03
04:20:58.893,-71.08
04:21:02.239,-71.05
04:21:05.582,-71.01
04:21:08.925,-71.15
04:21:12.268,-70.99
04:21:15.607,-71.1
04:21:18.943,-71.12
04:21:22.287,-71.1
04:21:25.630,-71.1
04:21:28.976,-71.09
04:21:32.319,-71.09
04:21:35.662,-71.04
04:21:39.011,-71.08
04:21:42.355,-71.05
04:21:45.701,-70.99
04:21:49.052,-71.06
04:21:52.396,-71.21
04:21:55.741,-71.06
04:21:59.084,-71.08
04:22:02.427,-71.02
04:22:05.776,-71.09
04:22:09.119,-71.05
04:22:12.465,-71.1
04:22:15.812,-70.96
04:22:19.155,-71.01
04:22:22.499,-71.1
04:22:25.846,-71.07
04:22:29.190,-71.01
04:22:32.538,-71.1
04:22:35.884,-71.08
04:22:39.243,-71.07
04:22:42.601,-71.01
04:22:45.946,-70.95
04:22:49.294,-71.07
04:22:52.640,-71.03
04:22:55.983,-71.03
04:22:59.326,-71.1
04:23:02.669,-71.1
04:23:06.016,-71.16
04:23:09.360,-71.06
04:23:12.706,-71.03
04:23:16.039,-71.12
04:23:19.386,-71.02
04:23:22.745,-71.16
04:23:26.081,-71.1
04:23:29.424,-70.96
04:23:32.768,-71.05
04:23:36.111,-71.09
04:23:39.454,-71.04
04:23:42.798,-71.08
04:23:46.141,-71.12
04:23:49.485,-71.02
04:23:52.834,-70.93
04:23:56.177,-71.19
04:23:59.512,-71.03
04:24:02.855,-71.07
04:24:06.203,-70.98
04:24:09.550,-71.04
04:24:12.896,-71.05
04:24:16.239,-71.1
04:24:19.583,-71.07
04:24:22.926,-71.05
04:24:26.269,-71
04:24:29.628,-71.11
04:24:32.961,-71.03
04:24:36.307,-71.16
04:24:39.655,-71.11
04:24:43.008,-71.04
04:24:46.355,-71.15
04:24:49.694,-71.09
04:24:53.037,-71.12
04:24:56.381,-71.05
04:24:59.739,-71.06
04:25:03.082,-71.09
04:25:06.427,-71.09
04:25:09.773,-70.97
04:25:13.117,-71.08
04:25:16.460,-70.9
04:25:19.821,-71.01
04:25:23.149,-70.99
04:25:26.492,-70.93
04:25:29.835,-71.05
04:25:33.178,-71.03
04:25:36.521,-71.06
04:25:39.864,-71.09
04:25:43.218,-70.97
04:25:46.562,-70.99
04:25:49.907,-71.05
04:25:53.254,-71.1
04:25:56.601,-71.14
04:25:59.961,-71.15
04:26:03.307,-71
04:26:06.654,-71.08
04:26:10.000,-71
04:26:13.345,-71
04:26:16.688,-71.07
04:26:20.035,-71.05
04:26:23.385,-71.11
04:26:26.722,-71.09
04:26:30.070,-70.94
04:26:33.414,-70.96
04:26:36.770,-70.9
04:26:40.113,-70.99
04:26:43.458,-70.98
04:26:46.801,-70.98
04:26:50.144,-70.87
04:26:53.489,-71.02
04:26:56.836,-71.04
04:27:00.189,-70.97
04:27:03.539,-71.08
04:27:06.883,-70.94
04:27:10.224,-71.04
04:27:13.568,-70.96
04:27:16.912,-70.99
04:27:20.263,-71.06
04:27:23.616,-70.94
04:27:26.964,-71.05
04:27:30.310,-70.96
04:27:33.654,-70.89
04:27:36.998,-71.15
04:27:40.342,-71.09
04:27:43.688,-71.11
04:27:47.031,-71.02
04:27:50.380,-71.01
04:27:53.727,-71.21
04:27:57.070,-71
04:28:00.413,-71.08
04:28:03.764,-71.05
04:28:07.110,-71.02
04:28:10.453,-71.04
04:28:13.797,-71.1
04:28:17.154,-71.05
04:28:20.507,-70.92
04:28:23.850,-71.16
04:28:27.189,-71.02
04:28:30.532,-71.05
04:28:33.880,-70.95
04:28:37.223,-70.94
04:28:40.566,-71
04:28:43.913,-71
04:28:47.256,-70.93
04:28:50.600,-70.99
04:28:53.949,-70.99
04:28:57.298,-70.91
04:29:00.659,-70.83
04:29:04.018,-70.87
04:29:07.366,-70.86
04:29:10.698,-70.96
04:29:14.051,-70.91
04:29:17.378,-70.82
04:29:20.725,-70.79
04:29:24.071,-70.87
04:29:27.409,-70.83
04:29:30.752,-70.8
04:29:34.095,-70.82
04:29:37.438,-70.87
04:29:40.781,-70.81
04:29:44.126,-70.79
04:29:47.469,-70.83
04:29:50.816,-70.81
04:29:54.159,-70.82
04:29:57.502,-70.75
04:30:00.846,-70.84
04:30:04.197,-70.69
04:30:07.549,-70.74
04:30:10.893,-70.75
04:30:14.240,-70.68
04:30:17.586,-70.68
04:30:20.941,-70.79
04:30:24.284,-70.67
04:30:27.634,-70.64
04:30:30.985,-70.62
04:30:34.320,-70.72
04:30:37.663,-70.73
04:30:41.007,-70.7
04:30:44.350,-70.54
04:30:47.713,-70.71
04:30:51.056,-70.69
04:30:54.411,-70.75
04:30:57.756,-70.72
04:31:01.101,-70.63
04:31:04.445,-70.59
04:31:07.789,-70.65
04:31:11.147,-70.79
04:31:14.475,-70.7
04:31:17.818,-70.72
04:31:21.161,-70.67
04:31:24.504,-70.72
04:31:27.847,-70.77
04:31:31.190,-70.77
04:31:34.538,-70.76
04:31:37.880,-70.78
04:31:41.224,-70.77
04:31:44.566,-70.76
04:31:47.909,-70.76
04:31:51.255,-70.91
04:31:54.598,-70.77
04:31:57.957,-70.87
04:32:01.300,-70.74
04:32:04.644,-70.82
04:32:07.987,-70.91
04:32:11.338,-70.91
04:32:14.685,-71.01
04:32:18.042,-70.88
04:32:21.386,-70.81
04:32:24.729,-70.97
04:32:28.075,-71
04:32:31.419,-70.95
04:32:34.762,-70.84
04:32:38.105,-70.89
04:32:41.448,-71.02
04:32:44.794,-70.96
04:32:48.138,-71.01
04:32:51.481,-70.95
04:32:54.824,-71.01
04:32:58.168,-70.97
04:33:01.517,-70.95
04:33:04.868,-71.02
04:33:08.211,-71.02
04:33:11.557,-70.95
04:33:14.900,-71.02
04:33:18.259,-70.96
04:33:21.602,-70.96
04:33:24.960,-71.01
04:33:28.303,-71.04
04:33:31.660,-70.97
04:33:35.003,-70.99
04:33:38.346,-71.02
04:33:41.689,-71.01
04:33:45.036,-71.02
04:33:48.379,-71.02
04:33:51.722,-70.99
04:33:55.075,-70.96
04:33:58.418,-70.95
04:34:01.769,-70.99
04:34:05.117,-70.95
04:34:08.461,-71.07
04:34:11.807,-71.11
04:34:15.156,-70.98
04:34:18.503,-71.05
04:34:21.848,-70.91
04:34:25.192,-70.89
04:34:28.537,-70.89
04:34:31.884,-71.04
04:34:35.229,-70.9
04:34:38.582,-71.03
04:34:41.925,-70.98
04:34:45.273,-70.96
04:34:48.616,-71.04
04:34:51.966,-71.02
04:34:55.310,-71.11
04:34:58.650,-70.96
04:35:01.993,-71.07
04:35:05.337,-70.94
04:35:08.692,-71.03
04:35:12.039,-70.94
04:35:15.387,-71.06
04:35:18.724,-71.01
04:35:22.067,-71.13
04:35:25.420,-70.98
04:35:28.772,-70.98
04:35:32.110,-71.04
04:35:35.453,-71.14
04:35:38.797,-71.06
04:35:42.140,-71.04
04:35:45.483,-71.03
04:35:48.828,-71.06
04:35:52.171,-70.94
04:35:55.515,-70.96
04:35:58.858,-71.07
04:36:02.201,-71.14
04:36:05.545,-71.02
04:36:08.888,-71.03
04:36:12.231,-71.02
04:36:15.574,-71.15
04:36:18.927,-71.07
04:36:22.270,-71.1
04:36:25.623,-71.1
04:36:28.965,-71.07
04:36:32.309,-71.06
04:36:35.643,-71.11
04:36:38.988,-71.04
04:36:42.332,-71.04
04:36:45.679,-71.08
04:36:49.016,-70.98
04:36:52.365,-71.04
04:36:55.713,-71.13
04:36:59.057,-71.07
04:37:02.403,-71.08
04:37:05.746,-71.09
04:37:09.089,-71.11
04:37:12.437,-71.03
04:37:15.780,-71.12
04:37:19.130,-71.01
04:37:22.484,-71.09
04:37:25.828,-71.01
04:37:29.171,-71.07
04:37:32.515,-71.01
04:37:35.859,-71.09
04:37:39.202,-71.07
04:37:42.546,-71.09
04:37:45.889,-71.09
04:37:49.236,-71
04:37:52.581,-71.04
04:37:55.924,-71.03
04:37:59.271,-70.96
04:38:02.614,-71.05
04:38:05.969,-70.99
04:38:09.312,-70.93
04:38:12.655,-71.03
04:38:15.999,-71.01
04:38:19.346,-71.1
04:38:22.689,-71
04:38:26.032,-71.15
04:38:29.378,-71.04
04:38:32.728,-71.09
04:38:36.075,-70.96
04:38:39.420,-71.07
04:38:42.763,-70.96
04:38:46.121,-71.12
04:38:49.468,-71.11
04:38:52.824,-71.09
04:38:56.183,-71.06
04:38:59.527,-71.04
04:39:02.869,-71
04:39:06.210,-71.01
04:39:09.553,-71.02
04:39:12.901,-71.07
04:39:16.244,-71.15
04:39:19.590,-71.1
04:39:22.933,-71.02
04:39:26.276,-71.03
04:39:29.621,-70.95
04:39:32.964,-71.08
04:39:36.307,-71.08
04:39:39.653,-70.96
04:39:43.000,-71.06
04:39:46.343,-71.07
04:39:49.686,-71.03
04:39:53.033,-71.06
04:39:56.381,-71.05
04:39:59.728,-71
04:40:03.072,-71
04:40:06.419,-71.14
04:40:09.763,-71.13
04:40:13.110,-71.08
04:40:16.469,-71.03
04:40:19.812,-71.03
04:40:23.154,-70.96
04:40:26.497,-71.12
04:40:29.840,-70.99
04:40:33.187,-71.09
04:40:36.550,-71.16
04:40:39.877,-71.06
04:40:43.220,-71.11
04:40:46.565,-71
04:40:49.908,-70.95
04:40:53.251,-71.1
04:40:56.599,-71.01
04:40:59.935,-70.98
04:41:03.279,-70.98
04:41:06.622,-70.94
04:41:09.965,-71.05
04:41:13.308,-71.07
04:41:16.651,-71.16
04:41:19.996,-71.07
04:41:23.339,-71.1
04:41:26.682,-70.91
04:41:30.026,-70.91
04:41:33.369,-70.98
04:41:36.713,-71.03
04:41:40.060,-71.03
04:41:43.403,-70.92
04:41:46.754,-70.99
04:41:50.104,-71.07
04:41:53.447,-71.05
04:41:56.794,-71.09
04:42:00.133,-71.08
04:42:03.481,-71.08
04:42:06.824,-70.93
04:42:10.167,-71.06
04:42:13.509,-71.04
04:42:16.853,-71.07
04:42:20.211,-70.99
04:42:23.558,-70.95
04:42:26.901,-70.95
04:42:30.244,-70.95
04:42:33.587,-70.99
04:42:36.930,-70.93
04:42:40.273,-70.94
04:42:43.620,-71.12
04:42:46.970,-71.01
04:42:50.306,-70.98
04:42:53.651,-70.88
04:42:57.015,-70.83
04:43:00.358,-70.86
04:43:03.705,-71.01
04:43:07.054,-70.98
04:43:10.397,-70.96
04:43:13.755,-70.87
04:43:17.099,-70.97
04:43:20.443,-70.95
04:43:23.789,-70.92
04:43:27.136,-70.93
04:43:30.483,-71.01
04:43:33.830,-70.87
04:43:37.173,-71.01
04:43:40.519,-71
04:43:43.864,-71
04:43:47.208,-70.87
04:43:50.553,-70.9
04:43:53.895,-70.87
04:43:57.243,-71.01
04:44:00.591,-70.87
04:44:03.934,-70.88
04:44:07.277,-70.91
04:44:10.620,-70.94
04:44:13.978,-70.8
04:44:17.321,-71
04:44:20.667,-70.85
04:44:24.010,-70.8
04:44:27.357,-70.95
04:44:30.700,-70.89
04:44:34.043,-70.87
04:44:37.386,-70.83
04:44:40.729,-70.8
04:44:44.072,-70.77
04:44:47.415,-70.79
04:44:50.758,-70.64
04:44:54.101,-70.74
04:44:57.444,-70.71
04:45:00.788,-70.72
04:45:04.131,-70.72
04:45:07.474,-70.67
04:45:10.818,-70.73
04:45:14.164,-70.66
04:45:17.507,-70.55
04:45:20.850,-70.61
04:45:24.198,-70.59
04:45:27.542,-70.68
04:45:30.889,-70.59
04:45:34.232,-70.61
04:45:37.579,-70.52
04:45:40.922,-70.53
04:45:44.265,-70.63
04:45:47.613,-70.68
04:45:50.967,-70.57
04:45:54.313,-70.67
04:45:57.659,-70.59
04:46:01.007,-70.55
04:46:04.355,-70.7
04:46:07.699,-70.73
04:46:11.050,-70.6
04:46:14.393,-70.71
04:46:17.737,-70.68
04:46:21.080,-70.64
04:46:24.424,-70.68
04:46:27.774,-70.76
04:46:31.117,-70.78
04:46:34.463,-70.66
04:46:37.825,-70.74
04:46:41.168,-70.78
04:46:44.511,-70.76
04:46:47.865,-70.91
04:46:51.208,-70.83
04:46:54.551,-70.87
04:46:57.894,-70.74
04:47:01.237,-70.85
04:47:04.584,-70.83
04:47:07.945,-70.86
04:47:11.291,-70.92
04:47:14.635,-70.91
04:47:17.981,-70.89
04:47:21.324,-70.95
04:47:24.659,-70.93
04:47:28.011,-70.94
04:47:31.342,-70.98
04:47:34.686,-70.85
04:47:38.030,-70.98
04:47:41.378,-70.94
04:47:44.725,-71
04:47:48.068,-71.06
04:47:51.427,-71.02
04:47:54.770,-70.94
04:47:58.113,-70.98
04:48:01.456,-71.03
04:48:04.799,-70.92
04:48:08.147,-70.92
04:48:11.490,-71.1
04:48:14.834,-70.92
04:48:18.181,-71.03
04:48:21.525,-71.15
04:48:24.873,-70.97
04:48:28.227,-70.9
04:48:31.571,-70.93
04:48:34.922,-71.04
04:48:38.265,-70.98
04:48:41.608,-70.99
04:48:44.950,-70.98
04:48:48.293,-71.01
04:48:51.637,-71.05
04:48:54.980,-71.05
04:48:58.324,-71.01
04:49:01.682,-70.96
04:49:05.033,-71
04:49:08.377,-70.94
04:49:11.720,-71.07
04:49:15.063,-71.02
04:49:18.398,-71.05
04:49:21.750,-70.99
04:49:25.096,-70.89
04:49:28.441,-71.08
04:49:31.788,-71.01
04:49:35.132,-71.06
04:49:38.475,-71.06
04:49:41.833,-70.99
04:49:45.172,-71.06
04:49:48.515,-71.01
04:49:51.859,-70.88
04:49:55.203,-70.99
04:49:58.553,-71.09
04:50:01.912,-71.11
04:50:05.261,-70.97
04:50:08.604,-70.98
04:50:11.950,-71.13
04:50:15.292,-70.97
04:50:18.639,-71.01
04:50:21.987,-70.9
04:50:25.345,-71.05
04:50:28.690,-70.96
04:50:32.037,-71.12
04:50:35.384,-71
04:50:38.727,-71.04
04:50:42.074,-70.99
04:50:45.418,-71.04
04:50:48.762,-71.04
04:50:52.115,-70.97
04:50:55.458,-70.99
04:50:58.810,-71.08
04:51:02.153,-71.04
04:51:05.501,-71.03
04:51:08.846,-71.01
04:51:12.189,-70.98
04:51:15.532,-71.01
04:51:18.876,-70.98
04:51:22.219,-71.09
04:51:25.562,-71
04:51:28.905,-70.95
04:51:32.252,-70.97
04:51:35.585,-71.01
04:51:38.934,-70.97
04:51:42.276,-71.07
04:51:45.619,-71.01
04:51:48.965,-71.14
04:51:52.310,-71
04:51:55.654,-71.01
04:51:59.002,-71.01
04:52:02.336,-71.03
04:52:05.686,-70.99
04:52:09.036,-71.1
04:52:12.381,-71.09
04:52:15.723,-71.02
04:52:19.070,-71.1
04:52:22.420,-70.99
04:52:25.770,-71.09
04:52:29.114,-71.09
04:52:32.457,-71.14
04:52:35.819,-71.05
04:52:39.167,-71.15
04:52:42.517,-71
04:52:45.862,-71
04:52:49.205,-71.15
04:52:52.547,-71.05
04:52:55.891,-71.08
04:52:59.236,-71.01
04:53:02.581,-71.01
04:53:05.927,-71.04
04:53:09.270,-71.05
04:53:12.612,-71.12
04:53:15.971,-71.08
04:53:19.315,-71.12
04:53:22.658,-71.06
04:53:26.001,-71.08
04:53:29.344,-71.1
04:53:32.692,-71.04
04:53:36.033,-71.06
04:53:39.385,-71.08
04:53:42.732,-71.1
04:53:46.076,-71.18
04:53:49.409,-70.99
04:53:52.759,-71.1
04:53:56.110,-70.98
04:53:59.464,-71.05
04:54:02.800,-71.1
04:54:06.144,-71.04
04:54:09.491,-71.07
04:54:12.837,-71.06
04:54:16.173,-70.97
04:54:19.516,-71.11
04:54:22.859,-71.05
04:54:26.202,-71.13
04:54:29.544,-71.07
04:54:32.888,-71.16
04:54:36.235,-71.18
04:54:39.582,-71.01
04:54:42.925,-71.01
04:54:46.269,-71.08
04:54:49.615,-71.1
04:54:52.977,-71.14
04:54:56.320,-71.19
04:54:59.674,-71.16
04:55:03.018,-71.11
04:55:06.376,-71.19
04:55:09.719,-71.01
04:55:13.063,-71.11
04:55:16.418,-71.07
04:55:19.761,-71.11
04:55:23.105,-71.18
04:55:26.442,-71.17
04:55:29.785,-71.09
04:55:33.128,-71.09
04:55:36.475,-71.05
04:55:39.819,-71.09
04:55:43.175,-71.12
04:55:46.522,-71.14
04:55:49.867,-71.03
04:55:53.210,-70.99
04:55:56.564,-71.07
04:55:59.917,-71.07
04:56:03.265,-71.16
04:56:06.601,-71.03
04:56:09.950,-71.07
04:56:13.287,-71.03
04:56:16.630,-71.11
04:56:19.977,-70.94
04:56:23.320,-71.06
04:56:26.671,-71.12
04:56:30.016,-70.99
04:56:33.361,-71.04
04:56:36.696,-71.09
04:56:40.039,-71.09
04:56:43.382,-71.05
04:56:46.728,-71
04:56:50.075,-71.05
04:56:53.418,-71.07
04:56:56.762,-71.05
04:57:00.103,-71.06
04:57:03.451,-71.05
04:57:06.796,-71.05
04:57:10.139,-71
04:57:13.484,-71.22
04:57:16.842,-71.08
04:57:20.185,-71.06
04:57:23.532,-71.04
04:57:26.875,-71.03
04:57:30.233,-71.13
04:57:33.577,-70.99
04:57:36.921,-71.05
04:57:40.264,-71.06
04:57:43.607,-70.98
04:57:46.950,-71.09
04:57:50.293,-71.06
04:57:53.636,-71.07
04:57:56.979,-71.04
04:58:00.321,-70.92
04:58:03.667,-71.02
04:58:07.025,-70.98
04:58:10.357,-71.08
04:58:13.715,-70.99
04:58:17.058,-70.97
04:58:20.401,-70.99
04:58:23.749,-71.09
04:58:27.094,-70.99
04:58:30.429,-71.08
04:58:33.772,-71.06
04:58:37.117,-70.96
04:58:40.460,-70.92
04:58:43.804,-70.93
04:58:47.150,-70.92
04:58:50.494,-70.93
04:58:53.839,-70.81
04:58:57.182,-70.95
04:59:00.526,-70.85
04:59:03.868,-70.93
04:59:07.226,-70.9
04:59:10.571,-70.89
04:59:13.914,-70.82
04:59:17.257,-70.99
04:59:20.600,-70.75
04:59:23.948,-70.77
04:59:27.294,-70.72
04:59:30.637,-70.8
04:59:33.980,-70.76
04:59:37.339,-70.7
04:59:40.686,-70.72
04:59:44.033,-70.77
04:59:47.367,-70.73
04:59:50.714,-70.66
04:59:54.061,-70.73
04:59:57.395,-70.7
05:00:00.738,-70.54
05:00:04.081,-70.86
05:00:07.440,-70.68
05:00:10.791,-70.67
05:00:14.127,-70.62
05:00:17.471,-70.63
05:00:20.814,-70.67
05:00:24.157,-70.71
05:00:27.501,-70.7
05:00:30.846,-70.69
05:00:34.189,-70.72
05:00:37.532,-70.65
05:00:40.879,-70.68
05:00:44.223,-70.66
05:00:47.565,-70.66
05:00:50.909,-70.64
05:00:54.253,-70.65
05:00:57.599,-70.69
05:01:00.942,-70.72
05:01:04.285,-70.69
05:01:07.638,-70.8
05:01:10.990,-70.76
05:01:14.333,-70.85
05:01:17.677,-70.71
05:01:21.018,-70.74
05:01:24.366,-70.79
05:01:27.724,-70.84
05:01:31.059,-70.84
05:01:34.400,-70.79
05:01:37.743,-70.8
05:01:41.084,-70.94
05:01:44.427,-70.91
05:01:47.770,-70.9
05:01:51.114,-70.89
05:01:54.462,-70.98
05:01:57.805,-70.93
05:02:01.148,-70.96
05:02:04.497,-70.87
05:02:07.838,-71.02
05:02:11.181,-70.98
05:02:14.525,-70.87
05:02:17.874,-71.04
05:02:21.217,-70.99
05:02:24.560,-71.01
05:02:27.894,-71.01
05:02:31.238,-71.04
05:02:34.581,-71.11
05:02:37.939,-71.08
05:02:41.281,-70.98
05:02:44.626,-71.07
05:02:47.969,-70.96
05:02:51.316,-71.1
05:02:54.659,-71.07
05:02:58.017,-71.07
05:03:01.360,-70.95
05:03:04.704,-71.05
05:03:08.047,-70.95
05:03:11.394,-71.12
05:03:14.743,-71.06
05:03:18.095,-71.14
05:03:21.440,-71
05:03:24.787,-71.05
05:03:28.130,-71.08
05:03:31.473,-71.09
05:03:34.824,-71.17
05:03:38.178,-71.04
05:03:41.521,-71.15
05:03:44.868,-71.15
05:03:48.218,-71.07
05:03:51.567,-71
05:03:54.910,-71.07
05:03:58.258,-71.04
05:04:01.601,-71.04
05:04:04.946,-71.14
05:04:08.289,-71.13
05:04:11.634,-71.04
05:04:14.977,-71.11
05:04:18.317,-71.06
05:04:21.668,-71.18
05:04:25.012,-71.16
05:04:28.357,-71.13
05:04:31.700,-71.08
05:04:35.044,-71.1
05:04:38.387,-71.17
05:04:41.732,-71.11
05:04:45.075,-71.08
05:04:48.418,-71.08
05:04:51.761,-71.07
05:04:55.106,-71.03
05:04:58.449,-71.08
05:05:01.792,-71.08
05:05:05.135,-71.08
05:05:08.478,-71.08
05:05:11.821,-71.08
05:05:15.164,-71.09
05:05:18.511,-71.01
05:05:21.857,-71.05
05:05:25.200,-71.03
05:05:28.545,-71.03
05:05:31.895,-71.19
05:05:35.238,-71.08
05:05:38.586,-71.15
05:05:41.942,-71.02
05:05:45.289,-71.05
05:05:48.634,-70.98
05:05:51.979,-71.07
05:05:55.322,-71.05
05:05:58.665,-71.1
05:06:02.014,-71.19
05:06:05.358,-71.11
05:06:08.701,-71.03
05:06:12.045,-71.12
05:06:15.390,-71.02
05:06:18.733,-71.06
05:06:22.077,-71.01
05:06:25.420,-70.96
05:06:28.764,-71.14
05:06:32.107,-71.07
05:06:35.452,-71
05:06:38.799,-71.18
05:06:42.133,-71.1
05:06:45.477,-71.11
05:06:48.824,-71.1
05:06:52.168,-71.08
05:06:55.515,-71.07
05:06:58.858,-71.15
05:07:02.195,-70.99
05:07:05.539,-71.08
05:07:08.887,-71.06
05:07:12.232,-71.09
05:07:15.580,-71.05
05:07:18.926,-71.13
05:07:22.272,-71.08
05:07:25.615,-71.12
05:07:28.961,-71.1
05:07:32.309,-71.02
05:07:35.657,-71.05
05:07:39.004,-71.1
05:07:42.348,-71.03
05:07:45.691,-71.22
05:07:49.035,-71.07
05:07:52.376,-71.05
05:07:55.722,-71.06
05:07:59.068,-71.03
05:08:02.413,-71.16
05:08:05.756,-71.23
05:08:09.099,-71.12
05:08:12.439,-71.17
05:08:15.782,-71.16
05:08:19.125,-71.08
05:08:22.468,-71.13
05:08:25.811,-71.08
05:08:29.158,-71.07
05:08:32.505,-71.14
05:08:35.852,-71.13
05:08:39.201,-71.24
05:08:42.546,-71
05:08:45.892,-71.15
05:08:49.239,-71.22
05:08:52.585,-71.13
05:08:55.936,-71.18
05:08:59.285,-71.16
05:09:02.629,-71.13
05:09:05.971,-71.07
05:09:09.312,-71.22
05:09:12.655,-71.13
05:09:16.002,-71.17
05:09:19.347,-71.11
05:09:22.691,-71.2
05:09:26.035,-71.17
05:09:29.378,-71.2
05:09:32.721,-71.14
05:09:36.069,-71.16
05:09:39.415,-71.11
05:09:42.762,-71.04
05:09:46.110,-71.06
05:09:49.450,-71.11
05:09:52.796,-71.13
05:09:56.143,-71.13
05:09:59.492,-71.05
05:10:02.844,-71.17
05:10:06.179,-71.01
05:10:09.535,-71.17
05:10:12.878,-71.21
05:10:16.226,-71.15
05:10:19.570,-71.19
05:10:22.912,-71.14
05:10:26.258,-71.18
05:10:29.617,-71.05
05:10:32.957,-71.16
05:10:36.302,-71.11
05:10:39.650,-71.14
05:10:43.003,-71.1
05:10:46.356,-71.13
05:10:49.700,-71.1
05:10:53.043,-71.14
05:10:56.387,-71.19
05:10:59.731,-71.04
05:11:03.074,-71.08
05:11:06.418,-71.05
05:11:09.769,-71.08
05:11:13.128,-71.12
05:11:16.471,-71.26
05:11:19.822,-71.2
05:11:23.165,-71.12
05:11:26.518,-71.12
05:11:29.861,-71.01
05:11:33.208,-71.16
05:11:36.551,-71.01
05:11:39.895,-71.07
05:11:43.240,-71.2
05:11:46.585,-71.11
05:11:49.932,-71.1
05:11:53.275,-71.11
05:11:56.629,-71.12
05:11:59.977,-71.07
05:12:03.320,-71.12
05:12:06.670,-71.15
05:12:10.013,-71.07
05:12:13.360,-71.15
05:12:16.705,-71.13
05:12:20.049,-71.08
05:12:23.392,-71.1
05:12:26.730,-71.11
05:12:30.079,-71.25
05:12:33.422,-71.1
05:12:36.766,-71.07
05:12:40.114,-71.02
05:12:43.457,-71.03
05:12:46.808,-71.07
05:12:50.148,-71.13
05:12:53.479,-71.06
05:12:56.825,-71.07
05:13:00.168,-71.07
05:13:03.522,-71.07
05:13:06.865,-71.11
05:13:10.219,-70.97
05:13:13.564,-70.88
05:13:16.907,-71
05:13:20.250,-71.09
05:13:23.598,-71.05
05:13:26.940,-71.03
05:13:30.283,-70.97
05:13:33.626,-70.98
05:13:36.985,-71.02
05:13:40.328,-70.97
05:13:43.671,-70.98
05:13:47.014,-70.9
05:13:50.357,-71.05
05:13:53.700,-70.99
05:13:57.043,-71.01
05:14:00.390,-70.85
05:14:03.739,-70.93
05:14:07.082,-70.92
05:14:10.426,-70.8
05:14:13.770,-70.83
05:14:17.113,-70.89
05:14:20.457,-70.81
05:14:23.803,-70.86
05:14:27.148,-70.76
05:14:30.485,-70.87
05:14:33.835,-70.73
05:14:37.182,-70.82
05:14:40.526,-70.82
05:14:43.869,-70.63
05:14:47.216,-70.79
05:14:50.579,-70.75
05:14:53.922,-70.81
05:14:57.267,-70.66
05:15:00.605,-70.71
05:15:03.948,-70.72
05:15:07.293,-70.71
05:15:10.638,-70.67
05:15:13.981,-70.7
05:15:17.321,-70.75
05:15:20.663,-70.66
05:15:24.007,-70.72
05:15:27.350,-70.7
05:15:30.695,-70.78
05:15:34.043,-70.73
05:15:37.388,-70.73
05:15:40.731,-70.7
05:15:44.085,-70.8
05:15:47.429,-70.7
05:15:50.781,-70.68
05:15:54.126,-70.66
05:15:57.468,-70.74
05:16:00.809,-70.77
05:16:04.153,-70.76
05:16:07.497,-70.89
05:16:10.840,-70.74
05:16:14.178,-70.77
05:16:17.526,-70.87
05:16:20.873,-70.83
05:16:24.232,-70.88
05:16:27.578,-70.97
05:16:30.922,-70.78
05:16:34.265,-70.97
05:16:37.608,-70.85
05:16:40.952,-70.78
05:16:44.304,-70.88
05:16:47.632,-70.93
05:16:50.976,-70.98
05:16:54.334,-71.03
05:16:57.679,-70.95
05:17:01.023,-70.99
05:17:04.366,-71.06
05:17:07.710,-71.1
05:17:11.054,-71.05
05:17:14.400,-71.03
05:17:17.738,-71.09
05:17:21.080,-71.1
05:17:24.425,-71.01
05:17:27.770,-70.99
05:17:31.113,-71.13
05:17:34.456,-70.98
05:17:37.799,-71.06
05:17:41.149,-71.1
05:17:44.492,-71.07
05:17:47.835,-71.07
05:17:51.185,-71.07
05:17:54.529,-71.2
05:17:57.875,-71.07
05:18:01.222,-70.9
05:18:04.569,-71.21
05:18:07.917,-71.11
05:18:11.264,-71.05
05:18:14.616,-71.06
05:18:17.967,-71.07
05:18:21.310,-71.08
05:18:24.656,-71.05
05:18:28.000,-71.05
05:18:31.358,-71.08
05:18:34.702,-71.14
05:18:38.045,-71.09
05:18:41.388,-71.08
05:18:44.736,-71.02
05:18:48.079,-71.04
05:18:51.422,-71.15
05:18:54.770,-71.08
05:18:58.109,-71.03
05:19:01.443,-71.14
05:19:04.786,-71.15
05:19:08.133,-71.02
05:19:11.471,-71.02
05:19:14.818,-71.17
05:19:18.164,-71.07
05:19:21.499,-71.1
05:19:24.846,-71.05
05:19:28.183,-71.02
05:19:31.541,-71.11
05:19:34.888,-71.2
05:19:38.238,-71.09
05:19:41.586,-71.16
05:19:44.933,-70.99
05:19:48.265,-71.14
05:19:51.608,-71.15
05:19:54.962,-71
05:19:58.310,-71.03
05:20:01.653,-71.16
05:20:04.989,-71.09
05:20:08.316,-71.17
05:20:11.667,-71.14
05:20:15.011,-71.04
05:20:18.354,-71.18
05:20:21.702,-71.05
05:20:25.045,-71.2
05:20:28.388,-71.08
05:20:31.733,-71.13
05:20:35.076,-71.08
05:20:38.419,-71.16
05:20:41.765,-71.23
05:20:45.110,-71.2
05:20:48.453,-71.13
05:20:51.797,-71.21
05:20:55.148,-71.19
05:20:58.491,-71.17
05:21:01.834,-71.12
05:21:05.181,-71.24
05:21:08.530,-71.1
05:21:11.877,-71.17
05:21:15.222,-71.19
05:21:18.569,-71.12
05:21:21.912,-71.13
05:21:25.255,-71.08
05:21:28.615,-71.16
05:21:31.958,-71.14
05:21:35.306,-71.07
05:21:38.651,-71.28
05:21:41.998,-71.18
05:21:45.342,-71.22
05:21:48.694,-71.15
05:21:52.043,-71.14
05:21:55.394,-71.12
05:21:58.737,-71.02
05:22:02.080,-71.14
05:22:05.423,-71.08
05:22:08.766,-71.2
05:22:12.109,-71.07
05:22:15.452,-71.09
05:22:18.795,-71.15
05:22:22.139,-71.15
05:22:25.482,-71.11
05:22:28.830,-71.09
05:22:32.173,-71.05
05:22:35.517,-71.07
05:22:38.860,-71.01
05:22:42.204,-71.09
05:22:45.548,-71.08
05:22:48.896,-71.03
05:22:52.244,-71.18
05:22:55.587,-71.18
05:22:58.930,-71.13
05:23:02.272,-71.16
05:23:05.625,-71.14
05:23:08.969,-71.13
05:23:12.314,-71.19
05:23:15.660,-71.18
05:23:19.014,-71.03
05:23:22.361,-71.08
05:23:25.698,-71.21
05:23:29.046,-71.13
05:23:32.386,-70.98
05:23:35.733,-71.09
05:23:39.076,-71.1
05:23:42.419,-71.18
05:23:45.762,-71.34
05:23:49.121,-71.21
05:23:52.468,-71.11
05:23:55.813,-71.01
05:23:59.154,-71.07
05:24:02.500,-71.13
05:24:05.850,-71.15
05:24:09.194,-71.16
05:24:12.539,-71.18
05:24:15.889,-71.22
05:24:19.232,-71.2
05:24:22.581,-71.06
05:24:25.924,-71.23
05:24:29.271,-71.11
05:24:32.614,-71.15
05:24:35.957,-71.1
05:24:39.300,-71.21
05:24:42.647,-71.05
05:24:45.990,-71.05
05:24:49.333,-71.16
05:24:52.676,-71.11
05:24:56.010,-71.17
05:24:59.356,-71.21
05:25:02.715,-71.22
05:25:06.060,-71.17
05:25:09.404,-71.08
05:25:12.747,-71.1
05:25:16.095,-71.13
05:25:19.454,-71.21
05:25:22.797,-71.24
05:25:26.140,-71.24
05:25:29.487,-71.21
05:25:32.831,-71.15
05:25:36.184,-71.13
05:25:39.527,-71.09
05:25:42.872,-71.09
05:25:46.214,-71.11
05:25:49.562,-71.14
05:25:52.909,-71.25
05:25:56.256,-71.21
05:25:59.604,-71.05
05:26:02.952,-71.27
05:26:06.293,-71.09
05:26:09.641,-71.11
05:26:12.982,-71.09
05:26:16.328,-71.23
05:26:19.671,-71.21
05:26:23.014,-71.06
05:26:26.362,-71.17
05:26:29.705,-71.14
05:26:33.047,-71.14
05:26:36.391,-71.14
05:26:39.734,-71.14
05:26:43.077,-71.2
05:26:46.424,-71.1
05:26:49.773,-71.05
05:26:53.116,-71.09
05:26:56.465,-71.18
05:26:59.807,-71.03
05:27:03.151,-71.12
05:27:06.493,-71.07
05:27:09.848,-71.09
05:27:13.187,-71.11
05:27:16.527,-71.12
05:27:19.870,-71.19
05:27:23.217,-71.19
05:27:26.560,-71.18
05:27:29.909,-71.14
05:27:33.253,-71.2
05:27:36.597,-71.04
05:27:39.940,-71.06
05:27:43.288,-71.12
05:27:46.637,-71.21
05:27:49.981,-71.17
05:27:53.329,-70.98
05:27:56.675,-71.08
05:28:00.018,-71.12
05:28:03.369,-71.13
05:28:06.714,-71.03
05:28:10.058,-71.12
05:28:13.401,-71.08
05:28:16.752,-71.15
05:28:20.099,-71.02
05:28:23.451,-71.08
05:28:26.794,-71.08
05:28:30.137,-71.03
05:28:33.481,-71.02
05:28:36.824,-71.01
05:28:40.167,-71.01
05:28:43.499,-70.95
05:28:46.843,-70.94
05:28:50.189,-70.96
05:28:53.530,-70.92
05:28:56.877,-70.98
05:29:00.217,-70.88
05:29:03.562,-70.8
05:29:06.907,-70.94
05:29:10.253,-70.82
05:29:13.600,-70.94
05:29:16.944,-70.81
05:29:20.306,-70.76
05:29:23.643,-70.93
05:29:26.986,-70.72
05:29:30.339,-70.86
05:29:33.682,-70.66
05:29:37.026,-70.8
05:29:40.370,-70.79
05:29:43.726,-70.72
05:29:47.070,-70.71
05:29:50.417,-70.67
05:29:53.760,-70.68
05:29:57.095,-70.69
05:30:00.442,-70.66
05:30:03.793,-70.67
05:30:07.145,-70.72
05:30:10.488,-70.62
05:30:13.834,-70.76
05:30:17.177,-70.69
05:30:20.530,-70.69
05:30:23.888,-70.57
05:30:27.231,-70.68
05:30:30.590,-70.7
05:30:33.948,-70.71
05:30:37.293,-70.66
05:30:40.636,-70.7
05:30:43.979,-70.63
05:30:47.322,-70.69
05:30:50.665,-70.64
05:30:54.009,-70.67
05:30:57.352,-70.68
05:31:00.689,-70.83
05:31:04.032,-70.78
05:31:07.375,-70.79
05:31:10.719,-70.76
05:31:14.061,-70.86
05:31:17.405,-70.82
05:31:20.748,-70.8
05:31:24.091,-70.82
05:31:27.435,-70.83
05:31:30.782,-70.84
05:31:34.120,-70.91
05:31:37.467,-70.89
05:31:40.811,-71.04
05:31:44.158,-70.98
05:31:47.502,-70.86
05:31:50.845,-70.92
05:31:54.182,-71.04
05:31:57.524,-71.02
05:32:00.871,-71.06
05:32:04.217,-71.03
05:32:07.564,-71.07
05:32:10.908,-71.1
05:32:14.248,-71.15
05:32:17.591,-71.05
05:32:20.941,-71.06
05:32:24.304,-71.13
05:32:27.651,-70.92
05:32:30.997,-71.17
05:32:34.337,-71.09
05:32:37.684,-71.11
05:32:41.028,-71.09
05:32:44.380,-71.1
05:32:47.724,-71.14
05:32:51.062,-71.07
05:32:54.411,-71.1
05:32:57.755,-71.13
05:33:01.098,-71.11
05:33:04.442,-71.1
05:33:07.785,-71.13
05:33:11.128,-71.1
05:33:14.479,-71.14
05:33:17.826,-71.1
05:33:21.174,-71.1
05:33:24.522,-71.11
05:33:27.865,-71.15
05:33:31.210,-71.2
05:33:34.558,-71.04
05:33:37.903,-71.11
05:33:41.246,-71.05
05:33:44.593,-71.09
05:33:47.938,-71.06
05:33:51.273,-71.13
05:33:54.623,-71.03
05:33:57.967,-71.12
05:34:01.316,-71.21
05:34:04.663,-71.1
05:34:08.007,-71.22
05:34:11.351,-71.24
05:34:14.675,-71.24
05:34:18.018,-71.15
05:34:21.358,-71.22
05:34:24.701,-71.16
05:34:28.044,-71.11
05:34:31.392,-71.05
05:34:34.743,-71.17
05:34:38.086,-71.1
05:34:41.430,-71.1
05:34:44.773,-71.16
05:34:48.116,-71.22
05:34:51.462,-71.14
05:34:54.807,-71.1
05:34:58.150,-71.12
05:35:01.493,-71.23
05:35:04.840,-71.18
05:35:08.183,-71.1
05:35:11.529,-71.19
05:35:14.872,-71.29
05:35:18.215,-71.16
05:35:21.558,-71.18
05:35:24.902,-71.2
05:35:28.244,-71.29
05:35:31.587,-71.26
05:35:34.934,-71.23
05:35:38.277,-71.17
05:35:41.627,-71.13
05:35:44.974,-71.16
05:35:48.332,-71.08
05:35:51.693,-71.14
05:35:55.037,-71.16
05:35:58.384,-71.11
05:36:01.726,-71.19
05:36:05.073,-71.14
05:36:08.412,-71.14
05:36:11.750,-71.11
05:36:15.094,-71.21
05:36:18.435,-71.2
05:36:21.778,-71.21
05:36:25.131,-71.22
05:36:28.475,-71.2
05:36:31.818,-71.2
05:36:35.161,-71.25
05:36:38.504,-71.12
05:36:41.847,-71.18
05:36:45.196,-71.18
05:36:48.539,-71.19
05:36:51.885,-71.11
05:36:55.230,-71.19
05:36:58.576,-71.25
05:37:01.919,-71.16
05:37:05.262,-71.19
05:37:08.605,-71.14
05:37:11.948,-71.1
05:37:15.291,-71.23
05:37:18.636,-71.27
05:37:21.979,-71.18
05:37:25.326,-71.2
05:37:28.663,-71.16
05:37:32.007,-71.08
05:37:35.342,-71.18
05:37:38.689,-71.17
05:37:42.036,-71.13
05:37:45.380,-71.08
05:37:48.725,-71.13
05:37:52.068,-71.28
05:37:55.412,-71.23
05:37:58.755,-71.09
05:38:02.109,-71.1
05:38:05.447,-71.18
05:38:08.791,-71.2
05:38:12.136,-71.04
05:38:15.480,-71.11
05:38:18.828,-71.24
05:38:22.167,-71.15
05:38:25.517,-71.1
05:38:28.861,-71.13
05:38:32.207,-71.15
05:38:35.555,-71.17
05:38:38.902,-71.21
05:38:42.249,-71.21
05:38:45.592,-71.09
05:38:48.938,-71.23
05:38:52.281,-71.16
05:38:55.624,-71.17
05:38:58.959,-71.18
05:39:02.307,-71.22
05:39:05.648,-71.28
05:39:08.990,-71.28
05:39:12.335,-71.13
05:39:15.678,-71.15
05:39:19.029,-71.11
05:39:22.378,-71.23
05:39:25.721,-71.09
05:39:29.064,-71.27
05:39:32.407,-71.14
05:39:35.748,-71.28
05:39:39.101,-71.18
05:39:42.444,-71.18
05:39:45.788,-71.1
05:39:49.134,-71.24
05:39:52.477,-71.14
05:39:55.820,-71.21
05:39:59.160,-71.26
05:40:02.491,-71.2
05:40:05.834,-71.18
05:40:09.177,-71.22
05:40:12.535,-71.2
05:40:15.864,-71.16
05:40:19.207,-71.21
05:40:22.553,-71.18
05:40:25.897,-71.12
05:40:29.244,-71.15
05:40:32.587,-71.13
05:40:35.935,-71.15
05:40:39.284,-71.31
05:40:42.633,-71.19
05:40:45.981,-71.21
05:40:49.328,-71.08
05:40:52.673,-71.2
05:40:56.017,-71.18
05:40:59.360,-71.14
05:41:02.703,-71.19
05:41:06.045,-71.24
05:41:09.397,-71.08
05:41:12.749,-71.12
05:41:16.094,-71.21
05:41:19.440,-71.18
05:41:22.783,-71.12
05:41:26.127,-71.15
05:41:29.470,-71.16
05:41:32.816,-71.25
05:41:36.159,-71.29
05:41:39.503,-71.18
05:41:42.845,-71.24
05:41:46.189,-71.14
05:41:49.535,-71.26
05:41:52.878,-71.12
05:41:56.222,-71.12
05:41:59.565,-71.09
05:42:02.908,-71.23
05:42:06.251,-71.18
05:42:09.595,-71.18
05:42:12.924,-71.15
05:42:16.267,-71.11
05:42:19.610,-71.14
05:42:22.951,-71.17
05:42:26.294,-71.14
05:42:29.629,-71.11
05:42:32.980,-71.19
05:42:36.329,-71.09
05:42:39.674,-71.11
05:42:43.021,-71.18
05:42:46.360,-71.16
05:42:49.703,-71.21
05:42:53.046,-71.14
05:42:56.392,-71.12
05:42:59.740,-71.06
05:43:03.083,-71.24
05:43:06.416,-71.06
05:43:09.756,-71.1
05:43:13.104,-71.03
05:43:16.463,-71.22
05:43:19.807,-71.05
05:43:23.144,-70.98
05:43:26.489,-71.06
05:43:29.833,-70.97
05:43:33.180,-70.98
05:43:36.528,-71.09
05:43:39.871,-71.01
05:43:43.214,-70.98
05:43:46.562,-71.04
05:43:49.906,-70.92
05:43:53.251,-71.01
05:43:56.592,-70.85
05:43:59.935,-70.98
05:44:03.294,-70.9
05:44:06.637,-70.94
05:44:09.984,-70.83
05:44:13.326,-70.93
05:44:16.673,-70.83
05:44:20.032,-70.77
05:44:23.376,-70.75
05:44:26.736,-70.75
05:44:30.085,-70.74
05:44:33.430,-70.84
05:44:36.774,-70.83
05:44:40.116,-70.79
05:44:43.459,-70.83
05:44:46.807,-70.79
05:44:50.149,-70.74
05:44:53.492,-70.64
05:44:56.838,-70.69
05:45:00.175,-70.86
05:45:03.518,-70.66
05:45:06.866,-70.83
05:45:10.212,-70.73
05:45:13.556,-70.84
05:45:16.899,-70.71
05:45:20.245,-70.79
05:45:23.590,-70.77
05:45:26.937,-70.7
05:45:30.276,-70.79
05:45:33.621,-70.78
05:45:36.975,-70.71
05:45:40.321,-70.75
05:45:43.671,-70.81
05:45:47.022,-70.84
05:45:50.372,-70.76
05:45:53.719,-70.83
05:45:57.049,-70.78
05:46:00.396,-70.8
05:46:03.734,-70.79
05:46:07.078,-70.84
05:46:10.421,-70.9
05:46:13.776,-70.9
05:46:17.120,-70.86
05:46:20.458,-70.9
05:46:23.801,-70.95
05:46:27.149,-70.96
05:46:30.492,-71.06
05:46:33.835,-70.99
05:46:37.180,-71.04
05:46:40.523,-71.01
05:46:43.867,-71.03
05:46:47.210,-71.09
05:46:50.553,-71.05
05:46:53.912,-71.14
05:46:57.257,-71.03
05:47:00.602,-71.04
05:47:03.938,-71.12
05:47:07.280,-71.09
05:47:10.623,-71.13
05:47:13.971,-71.09
05:47:17.311,-71.21
05:47:20.655,-71.19
05:47:23.996,-71.04
05:47:27.343,-71.2
05:47:30.690,-71.09
05:47:34.041,-71.1
05:47:37.389,-71.19
05:47:40.737,-71.14
05:47:44.080,-71.13
05:47:47.424,-71.12
05:47:50.759,-71.17
05:47:54.112,-71.1
05:47:57.459,-71.09
05:48:00.808,-70.96
05:48:04.151,-71.13
05:48:07.495,-71.09
05:48:10.842,-71.14
05:48:14.185,-71.15
05:48:17.531,-71.28
05:48:20.873,-71.21
05:48:24.218,-71.08
05:48:27.566,-71.12
05:48:30.914,-71.15
05:48:34.260,-71.13
05:48:37.608,-71.3
05:48:40.953,-71.13
05:48:44.299,-71.18
05:48:47.643,-71.21
05:48:50.991,-71.11
05:48:54.334,-71.15
05:48:57.684,-71.15
05:49:01.025,-71.1
05:49:04.372,-71.21
05:49:07.722,-71.12
05:49:11.064,-71.23
05:49:14.407,-71.13
05:49:17.757,-71.3
05:49:21.108,-71.18
05:49:24.443,-71.1
05:49:27.787,-71.16
05:49:31.130,-71.15
05:49:34.489,-71.08
05:49:37.833,-71.23
05:49:41.176,-71.21
05:49:44.514,-71.07
05:49:47.857,-71.19
05:49:51.200,-71.25
05:49:54.545,-71.13
05:49:57.888,-71.3
05:50:01.236,-71.17
05:50:04.580,-71.1
05:50:07.924,-71.18
05:50:11.267,-71.23
05:50:14.611,-71.28
05:50:17.958,-71.07
05:50:21.311,-71.3
05:50:24.654,-71.18
05:50:27.986,-71.3
05:50:31.336,-71.11
05:50:34.679,-71.28
05:50:38.024,-71.14
05:50:41.368,-71.32
05:50:44.718,-71.23
05:50:48.061,-71.22
05:50:51.403,-71.17
05:50:54.751,-71.23
05:50:58.099,-71.3
05:51:01.444,-71.23
05:51:04.785,-71.26
05:51:08.128,-71.21
05:51:11.471,-71.11
05:51:14.809,-71.26
05:51:18.154,-71.22
05:51:21.500,-71.19
05:51:24.843,-71.21
05:51:28.190,-71.24
05:51:31.542,-71.12
05:51:34.885,-71.2
05:51:38.230,-71.25
05:51:41.573,-71.22
05:51:44.926,-71.22
05:51:48.278,-71.22
05:51:51.624,-71.17
05:51:54.982,-71.25
05:51:58.328,-71.26
05:52:01.676,-71.32
05:52:05.024,-71.22
05:52:08.366,-71.27
05:52:11.723,-71.21
05:52:15.067,-71.14
05:52:18.414,-71.19
05:52:21.759,-71.29
05:52:25.102,-71.22
05:52:28.445,-71.26
05:52:31.788,-71.32
05:52:35.132,-71.21
05:52:38.475,-71.17
05:52:41.812,-71.28
05:52:45.164,-71.19
05:52:48.503,-71.16
05:52:51.851,-71.27
05:52:55.194,-71.29
05:52:58.528,-71.27
05:53:01.876,-71.19
05:53:05.237,-71.23
05:53:08.581,-71.12
05:53:11.915,-71.23
05:53:15.258,-71.15
05:53:18.606,-71.24
05:53:21.949,-71.23
05:53:25.294,-71.23
05:53:28.637,-71.24
05:53:31.989,-71.26
05:53:35.332,-71.21
05:53:38.666,-71.32
05:53:42.010,-71.17
05:53:45.353,-71.2
05:53:48.696,-71.21
05:53:52.039,-71.31
05:53:55.387,-71.27
05:53:58.736,-71.27
05:54:02.083,-71.34
05:54:05.428,-71.2
05:54:08.779,-71.23
05:54:12.121,-71.15
05:54:15.473,-71.2
05:54:18.816,-71.34
05:54:22.170,-71.15
05:54:25.513,-71.1
05:54:28.862,-71.26
05:54:32.207,-71.26
05:54:35.553,-71.24
05:54:38.896,-71.12
05:54:42.242,-71.31
05:54:45.585,-71.22
05:54:48.928,-71.22
05:54:52.278,-71.07
05:54:55.622,-71.31
05:54:58.969,-71.16
05:55:02.314,-71.22
05:55:05.660,-71.26
05:55:09.011,-71.24
05:55:12.357,-71.36
05:55:15.700,-71.22
05:55:19.045,-71.25
05:55:22.395,-71.24
05:55:25.738,-71.38
05:55:29.082,-71.18
05:55:32.429,-71.27
05:55:35.772,-71.23
05:55:39.115,-71.21
05:55:42.462,-71.22
05:55:45.813,-71.31
05:55:49.156,-71.29
05:55:52.501,-71.23
05:55:55.844,-71.21
05:55:59.187,-71.2
05:56:02.535,-71.16
05:56:05.879,-71.24
05:56:09.222,-71.19
05:56:12.565,-71.18
05:56:15.909,-71.29
05:56:19.251,-71.2
05:56:22.595,-71.21
05:56:25.937,-71.32
05:56:29.297,-71.13
05:56:32.640,-71.26
05:56:35.985,-71.28
05:56:39.328,-71.27
05:56:42.671,-71.27
05:56:46.014,-71.15
05:56:49.358,-71.26
05:56:52.704,-71.24
05:56:56.047,-71.15
05:56:59.390,-71.12
05:57:02.748,-71.25
05:57:06.093,-71.26
05:57:09.432,-71.2
05:57:12.777,-71.12
05:57:16.123,-71.21
05:57:19.456,-71.2
05:57:22.799,-71.15
05:57:26.137,-71.26
05:57:29.481,-71.25
05:57:32.828,-71.22
05:57:36.171,-71.16
05:57:39.516,-71.2
05:57:42.859,-71.13
05:57:46.207,-71.11
05:57:49.551,-71.15
05:57:52.904,-71.27
05:57:56.248,-71.2
05:57:59.592,-71.12
05:58:02.939,-71.13
05:58:06.280,-70.99
05:58:09.627,-70.98
05:58:12.968,-71.2
05:58:16.311,-71.16
05:58:19.658,-71.12
05:58:23.001,-71.14
05:58:26.346,-71.03
05:58:29.690,-70.99
05:58:33.033,-71.1
05:58:36.392,-71.05
05:58:39.735,-71.02
05:58:43.078,-71.01
05:58:46.421,-70.93
05:58:49.764,-70.97
05:58:53.107,-70.91
05:58:56.450,-70.95
05:58:59.793,-70.94
05:59:03.136,-70.82
05:59:06.479,-70.77
05:59:09.829,-70.88
05:59:13.174,-70.88
05:59:16.520,-70.86
05:59:19.866,-70.74
05:59:23.212,-70.84
05:59:26.558,-70.85
05:59:29.904,-70.81
05:59:33.246,-70.8
05:59:36.582,-70.83
05:59:39.925,-70.77
05:59:43.275,-70.82
05:59:46.618,-70.76
05:59:49.961,-70.7
05:59:53.304,-70.73
05:59:56.648,-70.8
05:59:59.992,-70.77
06:00:03.335,-70.68
06:00:06.678,-70.78
06:00:10.024,-70.79
06:00:13.371,-70.84
06:00:16.714,-70.85
06:00:20.057,-70.74
06:00:23.400,-70.82
06:00:26.748,-70.82
06:00:30.091,-70.76
06:00:33.434,-70.83
06:00:36.778,-70.77
06:00:40.123,-70.86
06:00:43.473,-70.93
06:00:46.815,-70.83
06:00:50.159,-70.95
06:00:53.502,-70.87
06:00:56.850,-70.88
06:01:00.195,-70.84
06:01:03.543,-70.97
06:01:06.888,-70.98
06:01:10.232,-70.94
06:01:13.575,-71.09
06:01:16.921,-70.98
06:01:20.264,-71.04
06:01:23.610,-71.08
06:01:26.954,-71.14
06:01:30.298,-71.14
06:01:33.647,-71.18
06:01:36.990,-71.04
06:01:40.334,-71.12
06:01:43.679,-71.1
06:01:47.037,-71.11
06:01:50.384,-71.17
06:01:53.728,-71.27
06:01:57.071,-71.16
06:02:00.414,-71.11
06:02:03.757,-71.16
06:02:07.100,-71.21
06:02:10.451,-71.18
06:02:13.793,-71.19
06:02:17.142,-71.25
06:02:20.489,-71.21
06:02:23.842,-71.21
06:02:27.189,-71.31
06:02:30.532,-71.21
06:02:33.875,-71.25
06:02:37.218,-71.13
06:02:40.564,-71.29
06:02:43.911,-71.2
06:02:47.258,-71.19
06:02:50.602,-71.25
06:02:53.946,-71.25
06:02:57.292,-71.26
06:03:00.638,-71.23
06:03:03.985,-71.14
06:03:07.343,-71.14
06:03:10.691,-71.28
06:03:14.038,-71.16
06:03:17.384,-71.2
06:03:20.727,-71.22
06:03:24.077,-71.28
06:03:27.420,-71.22
06:03:30.763,-71.24
06:03:34.112,-71.35
06:03:37.455,-71.21
06:03:40.798,-71.27
06:03:44.141,-71.34
06:03:47.487,-71.17
06:03:50.835,-71.26
06:03:54.178,-71.39
06:03:57.524,-71.15
06:04:00.868,-71.28
06:04:04.211,-71.24
06:04:07.550,-71.28
06:04:10.893,-71.16
06:04:14.238,-71.27
06:04:17.589,-71.23
06:04:20.933,-71.24
06:04:24.283,-71.32
06:04:27.632,-71.13
06:04:30.970,-71.32
06:04:34.313,-71.27
06:04:37.660,-71.29
06:04:41.002,-71.34
06:04:44.344,-71.25
06:04:47.689,-71.29
06:04:51.040,-71.26
06:04:54.386,-71.24
06:04:57.737,-71.24
06:05:01.081,-71.28
06:05:04.425,-71.34
06:05:07.773,-71.25
06:05:11.119,-71.32
06:05:14.463,-71.25
06:05:17.809,-71.26
06:05:21.152,-71.35
06:05:24.499,-71.27
06:05:27.842,-71.32
06:05:31.188,-71.38
06:05:34.531,-71.28
06:05:37.879,-71.34
06:05:41.222,-71.31
06:05:44.569,-71.27
06:05:47.919,-71.32
06:05:51.263,-71.37
06:05:54.621,-71.26
06:05:57.964,-71.16
06:06:01.307,-71.17
06:06:04.650,-71.24
06:06:07.995,-71.38
06:06:11.352,-71.43
06:06:14.695,-71.25
06:06:18.038,-71.33
06:06:21.382,-71.33
06:06:24.730,-71.27
06:06:28.073,-71.24
06:06:31.421,-71.27
06:06:34.764,-71.35
06:06:38.102,-71.33
06:06:41.448,-71.33
06:06:44.792,-71.43
06:06:48.136,-71.3
06:06:51.483,-71.25
06:06:54.827,-71.26
06:06:58.170,-71.3
06:07:01.515,-71.29
06:07:04.859,-71.19
06:07:08.198,-71.23
06:07:11.541,-71.3
06:07:14.888,-71.34
06:07:18.226,-71.29
06:07:21.563,-71.29
06:07:24.910,-71.29
06:07:28.254,-71.36
06:07:31.597,-71.34
06:07:34.940,-71.35
06:07:38.283,-71.33
06:07:41.633,-71.27
06:07:44.979,-71.33
06:07:48.323,-71.19
06:07:51.669,-71.33
06:07:55.013,-71.27
06:07:58.358,-71.3
06:08:01.702,-71.3
06:08:05.050,-71.17
06:08:08.402,-71.35
06:08:11.747,-71.28
06:08:15.090,-71.38
06:08:18.448,-71.27
06:08:21.798,-71.3
06:08:25.157,-71.46
06:08:28.500,-71.34
06:08:31.843,-71.42
06:08:35.186,-71.33
06:08:38.529,-71.28
06:08:41.865,-71.34
06:08:45.209,-71.37
06:08:48.554,-71.43
06:08:51.903,-71.38
06:08:55.246,-71.33
06:08:58.589,-71.26
06:09:01.934,-71.33
06:09:05.280,-71.27
06:09:08.624,-71.19
06:09:11.966,-71.27
06:09:15.310,-71.25
06:09:18.657,-71.2
06:09:22.003,-71.43
06:09:25.354,-71.26
06:09:28.706,-71.27
06:09:32.049,-71.21
06:09:35.392,-71.34
06:09:38.737,-71.35
06:09:42.081,-71.3
06:09:45.424,-71.4
06:09:48.768,-71.21
06:09:52.111,-71.35
06:09:55.456,-71.27
06:09:58.799,-71.23
06:10:02.142,-71.23
06:10:05.486,-71.26
06:10:08.829,-71.2
06:10:12.192,-71.32
06:10:15.539,-71.23
06:10:18.882,-71.2
06:10:22.228,-71.24
06:10:25.573,-71.28
06:10:28.910,-71.26
06:10:32.254,-71.29
06:10:35.614,-71.31
06:10:38.972,-71.32
06:10:42.319,-71.29
06:10:45.662,-71.33
06:10:49.008,-71.25
06:10:52.350,-71.28
06:10:55.703,-71.28
06:10:59.047,-71.12
06:11:02.389,-71.28
06:11:05.732,-71.24
06:11:09.079,-71.33
06:11:12.427,-71.19
06:11:15.771,-71.24
06:11:19.114,-71.33
06:11:22.465,-71.33
06:11:25.793,-71.19
06:11:29.140,-71.23
06:11:32.483,-71.29
06:11:35.826,-71.36
06:11:39.169,-71.22
06:11:42.528,-71.31
06:11:45.864,-71.23
06:11:49.208,-71.32
06:11:52.554,-71.21
06:11:55.902,-71.26
06:11:59.244,-71.35
06:12:02.588,-71.33
06:12:05.938,-71.24
06:12:09.284,-71.35
06:12:12.627,-71.29
06:12:15.973,-71.26
06:12:19.314,-71.38
06:12:22.657,-71.24
06:12:26.001,-71.31
06:12:29.349,-71.2
06:12:32.688,-71.24
06:12:36.032,-71.37
06:12:39.375,-71.25
06:12:42.722,-71.39
06:12:46.065,-71.27
06:12:49.412,-71.3
06:12:52.758,-71.26
06:12:56.101,-71.3
06:12:59.452,-71.33
06:13:02.798,-71.29
06:13:06.145,-71.34
06:13:09.492,-71.28
06:13:12.845,-71.28
06:13:16.192,-71.42
06:13:19.543,-71.26
06:13:22.890,-71.27
06:13:26.233,-71.25
06:13:29.579,-71.22
06:13:32.922,-71.4
06:13:36.269,-71.22
06:13:39.612,-71.36
06:13:42.956,-71.2
06:13:46.300,-71.16
06:13:49.643,-71.27
06:13:52.987,-71.32
06:13:56.336,-71.29
06:13:59.680,-71.28
06:14:03.017,-71.36
06:14:06.364,-71.34
06:14:09.707,-71.22
06:14:13.042,-71.42
06:14:16.390,-71.25
06:14:19.734,-71.22
06:14:23.082,-71.39
06:14:26.421,-71.31
06:14:29.765,-71.24
06:14:33.115,-71.27
06:14:36.460,-71.31
06:14:39.809,-71.35
06:14:43.153,-71.35
06:14:46.498,-71.32
06:14:49.852,-71.34
06:14:53.195,-71.29
06:14:56.539,-71.28
06:14:59.885,-71.34
06:15:03.224,-71.37
06:15:06.571,-71.25
06:15:09.914,-71.27
06:15:13.259,-71.27
06:15:16.603,-71.37
06:15:19.953,-71.22
06:15:23.301,-71.19
06:15:26.645,-71.3
06:15:29.989,-71.29
06:15:33.335,-71.42
06:15:36.688,-71.35
06:15:40.046,-71.31
06:15:43.394,-71.29
06:15:46.743,-71.29
06:15:50.086,-71.33
06:15:53.433,-71.29
06:15:56.777,-71.36
06:16:00.120,-71.29
06:16:03.471,-71.31
06:16:06.806,-71.34
06:16:10.154,-71.27
06:16:13.496,-71.35
06:16:16.829,-71.45
06:16:20.171,-71.29
06:16:23.516,-71.24
06:16:26.862,-71.32
06:16:30.204,-71.37
06:16:33.551,-71.26
06:16:36.896,-71.29
06:16:40.238,-71.29
06:16:43.581,-71.32
06:16:46.940,-71.18
06:16:50.288,-71.3
06:16:53.638,-71.35
06:16:56.981,-71.34
06:17:00.322,-71.16
06:17:03.669,-71.41
06:17:07.007,-71.34
06:17:10.353,-71.32
06:17:13.702,-71.31
06:17:17.050,-71.3
06:17:20.399,-71.36
06:17:23.742,-71.29
06:17:27.086,-71.3
06:17:30.429,-71.33
06:17:33.773,-71.33
06:17:37.116,-71.33
06:17:40.459,-71.26
06:17:43.799,-71.25
06:17:47.142,-71.29
06:17:50.491,-71.29
06:17:53.834,-71.29
06:17:57.181,-71.37
06:18:00.532,-71.22
06:18:03.875,-71.34
06:18:07.218,-71.34
06:18:10.561,-71.22
06:18:13.910,-71.22
06:18:17.257,-71.24
06:18:20.604,-71.2
06:18:23.947,-71.26
06:18:27.291,-71.3
06:18:30.632,-71.26
06:18:33.975,-71.26
06:18:37.332,-71.18
06:18:40.674,-71.27
06:18:44.022,-71.33
06:18:47.369,-71.33
06:18:50.717,-71.22
06:18:54.060,-71.25
06:18:57.407,-71.26
06:19:00.749,-71.31
06:19:04.092,-71.26
06:19:07.435,-71.31
06:19:10.773,-71.23
06:19:14.115,-71.28
06:19:17.459,-71.37
